Age,Embarked_C,Embarked_Q,Embarked_S,Fare,Parch,PassengerId,Pclass,Sex_female,Sex_male,SibSp,Survived,train_test
57.0,False,False,True,10.5,0,773,2,True,False,0,0.0,train
32.0,False,False,True,26.0,0,544,2,False,True,1,1.0,train
22.0,False,True,False,7.75,0,290,3,True,False,0,1.0,train
4.0,False,False,True,16.7,1,11,3,True,False,1,1.0,train
9.0,False,False,True,34.375,2,148,3,True,False,2,0.0,train
3.0,False,False,True,15.9,1,349,3,False,True,1,1.0,train
27.0,False,False,True,52.0,2,984,1,True,False,1,,test
28.0,False,True,False,6.95,0,826,3,False,True,0,0.0,train
23.0,False,False,True,9.225,0,351,3,False,True,0,0.0,train
21.0,False,False,True,24.15,0,901,3,False,True,2,,test
50.0,False,False,True,10.5,0,459,2,True,False,0,1.0,train
25.0,True,False,False,26.0,0,986,1,False,True,0,,test
28.0,False,False,True,0.0,0,278,2,False,True,0,0.0,train
30.0,False,False,True,7.25,0,366,3,False,True,0,0.0,train
23.0,True,False,False,15.0458,0,136,2,False,True,0,0.0,train
4.0,False,False,True,11.1333,1,870,3,False,True,1,1.0,train
28.0,False,False,True,30.5,0,299,1,False,True,0,1.0,train
18.0,False,False,True,53.1,0,1074,1,True,False,1,,test
28.0,False,False,True,7.575,0,1204,3,False,True,0,,test
62.0,False,True,False,9.6875,0,894,2,False,True,0,,test
28.0,False,False,True,8.6625,0,159,3,False,True,0,0.0,train
44.0,False,False,True,13.0,0,1265,2,False,True,0,,test
28.0,False,False,True,23.45,2,1136,3,False,True,1,,test
24.0,False,False,True,7.4958,0,515,3,False,True,0,0.0,train
48.0,False,False,True,7.8542,0,772,3,False,True,0,0.0,train
56.0,False,False,True,26.55,0,468,1,False,True,0,0.0,train
27.0,False,False,True,12.475,1,824,3,True,False,0,1.0,train
48.0,True,False,False,262.375,3,916,1,True,False,1,,test
34.0,False,False,True,26.0,0,1082,2,False,True,1,,test
71.0,True,False,False,34.6542,0,97,1,False,True,0,0.0,train
15.0,True,False,False,7.2292,1,353,3,False,True,1,0.0,train
23.5,True,False,False,7.2292,0,297,3,False,True,0,0.0,train
51.0,False,False,True,77.9583,0,766,1,True,False,1,1.0,train
26.0,True,False,False,30.0,0,890,1,False,True,0,1.0,train
16.0,False,True,False,7.7333,0,157,3,True,False,0,1.0,train
52.0,True,False,False,78.2667,0,592,1,True,False,1,1.0,train
29.0,False,False,True,7.0458,0,478,3,False,True,1,0.0,train
28.0,False,False,True,25.4667,1,486,3,True,False,3,0.0,train
14.0,False,False,True,120.0,2,436,1,True,False,1,1.0,train
31.0,False,False,True,21.0,0,1241,2,True,False,0,,test
40.0,False,False,True,39.0,1,671,2,True,False,1,1.0,train
28.0,False,True,False,7.75,0,429,3,False,True,0,0.0,train
38.0,False,False,True,8.6625,0,472,3,False,True,0,0.0,train
28.0,True,False,False,110.8833,0,307,1,True,False,0,1.0,train
37.0,False,False,True,26.0,0,595,2,False,True,1,0.0,train
54.0,False,False,True,23.0,3,775,2,True,False,1,1.0,train
23.0,False,False,True,10.5,0,1298,2,False,True,1,,test
61.0,False,True,False,12.35,0,1085,2,False,True,0,,test
32.0,False,False,True,73.5,0,666,2,False,True,2,0.0,train
27.0,True,False,False,14.4542,0,621,3,False,True,1,0.0,train
39.0,True,False,False,71.2833,0,1126,1,False,True,1,,test
28.0,False,True,False,7.75,0,980,3,True,False,0,,test
30.0,False,False,True,13.0,0,179,2,False,True,0,0.0,train
22.0,False,False,True,7.8958,0,288,3,False,True,0,0.0,train
52.0,False,False,True,93.5,1,821,1,True,False,1,1.0,train
28.0,False,False,True,25.4667,4,1024,3,True,False,0,,test
24.0,False,False,True,7.8958,0,295,3,False,True,0,0.0,train
28.0,False,False,True,23.45,2,889,3,True,False,1,0.0,train
28.0,False,False,True,8.05,0,416,3,True,False,0,0.0,train
55.0,False,False,True,25.7,0,969,1,True,False,2,,test
50.0,False,False,True,14.5,0,917,3,False,True,1,,test
23.0,False,False,True,263.0,2,89,1,True,False,3,1.0,train
38.0,True,False,False,227.525,0,717,1,True,False,0,1.0,train
48.0,False,False,True,65.0,2,755,2,True,False,1,1.0,train
28.0,False,False,True,15.1,0,498,3,False,True,0,0.0,train
28.0,True,False,False,22.3583,2,534,3,True,False,0,1.0,train
29.0,False,False,True,26.0,0,1140,2,True,False,1,,test
43.0,False,False,True,46.9,6,679,3,True,False,1,0.0,train
26.0,False,False,True,78.85,0,291,1,True,False,0,1.0,train
33.0,True,False,False,8.6625,0,286,3,False,True,0,0.0,train
28.0,False,False,True,0.0,0,1158,1,False,True,0,,test
24.0,False,False,True,13.5,0,1240,2,False,True,0,,test
28.0,False,True,False,6.8583,0,412,3,False,True,0,0.0,train
16.0,False,False,True,39.6875,1,267,3,False,True,4,0.0,train
36.0,False,False,True,13.0,0,328,2,True,False,0,1.0,train
45.0,False,False,True,35.5,0,340,1,False,True,0,0.0,train
11.0,False,False,True,46.9,2,60,3,False,True,5,0.0,train
12.0,False,False,True,15.75,0,1012,2,True,False,0,,test
28.0,False,False,True,14.5,1,1236,3,False,True,1,,test
26.0,False,False,True,7.775,0,1212,3,False,True,0,,test
28.0,True,False,False,7.2292,0,833,3,False,True,0,0.0,train
30.0,True,False,False,7.2292,0,799,3,False,True,0,0.0,train
28.0,False,False,True,56.4958,0,827,3,False,True,0,0.0,train
16.0,False,False,True,18.0,0,334,3,False,True,2,0.0,train
28.0,True,False,False,7.225,0,599,3,False,True,0,0.0,train
29.0,False,False,True,7.875,0,423,3,False,True,0,0.0,train
22.0,True,False,False,7.225,0,554,3,False,True,0,1.0,train
28.0,False,False,True,7.775,0,668,3,False,True,0,0.0,train
28.0,True,False,False,7.8958,0,421,3,False,True,0,0.0,train
23.0,False,False,True,10.5,0,399,2,False,True,0,0.0,train
3.0,False,False,True,21.075,1,375,3,True,False,3,0.0,train
28.0,False,True,False,7.7375,0,779,3,False,True,0,0.0,train
54.0,True,False,False,55.4417,0,1069,1,False,True,1,,test
31.0,False,False,True,20.525,1,329,3,True,False,1,1.0,train
1.0,True,False,False,41.5792,2,1188,2,True,False,1,,test
31.0,False,False,True,164.8667,2,319,1,True,False,0,1.0,train
18.5,False,False,True,13.0,0,1001,2,False,True,0,,test
28.0,False,False,True,47.1,0,84,1,False,True,0,0.0,train
45.0,False,False,True,6.975,0,130,3,False,True,0,0.0,train
48.0,False,False,True,34.375,3,737,3,True,False,1,0.0,train
47.0,False,False,True,38.5,0,463,1,False,True,0,0.0,train
4.0,False,True,False,29.125,1,172,3,False,True,4,0.0,train
39.0,False,False,True,79.65,1,559,1,True,False,1,1.0,train
28.0,False,True,False,7.75,0,261,3,False,True,0,0.0,train
46.0,True,False,False,75.2417,0,1162,1,False,True,0,,test
21.0,False,False,True,11.5,0,1269,2,False,True,0,,test
17.0,False,False,True,8.05,0,1079,3,False,True,2,,test
50.0,False,False,True,133.65,0,661,1,False,True,2,1.0,train
38.0,False,False,True,153.4625,1,333,1,False,True,0,0.0,train
28.0,False,False,True,9.5,0,356,3,False,True,0,0.0,train
16.0,False,False,True,9.2167,0,139,3,False,True,0,0.0,train
36.0,True,False,False,12.875,0,293,2,False,True,0,0.0,train
40.0,False,False,True,31.3875,5,1066,3,False,True,1,,test
22.0,False,False,True,8.05,0,589,3,False,True,0,0.0,train
22.0,False,False,True,7.75,0,142,3,True,False,0,1.0,train
23.0,False,False,True,7.55,0,650,3,True,False,0,1.0,train
22.5,True,False,False,7.225,0,919,3,False,True,0,,test
28.0,True,False,False,7.225,0,523,3,False,True,0,0.0,train
24.0,True,False,False,79.2,0,140,1,False,True,0,0.0,train
35.0,False,False,True,8.05,0,615,3,False,True,0,0.0,train
41.0,True,False,False,15.0458,0,1002,2,False,True,0,,test
38.0,False,False,True,90.0,0,225,1,False,True,1,1.0,train
34.0,False,False,True,8.05,0,462,3,False,True,0,0.0,train
28.0,False,True,False,7.75,0,275,3,True,False,0,1.0,train
22.0,False,False,True,29.0,1,324,2,True,False,1,1.0,train
28.0,False,False,True,10.5,0,1168,2,False,True,0,,test
36.0,True,False,False,135.6333,0,326,1,True,False,0,1.0,train
41.0,False,False,True,30.5,0,920,1,False,True,0,,test
17.0,True,False,False,7.2292,1,533,3,False,True,1,0.0,train
28.0,False,False,True,8.05,0,1160,3,True,False,0,,test
54.0,True,False,False,59.4,0,514,1,True,False,1,1.0,train
33.0,False,False,True,26.55,0,1215,1,False,True,0,,test
18.0,False,False,True,9.8417,0,678,3,True,False,0,1.0,train
30.0,False,False,True,8.6625,0,535,3,True,False,0,0.0,train
9.0,True,False,False,15.2458,1,1175,3,True,False,1,,test
24.0,False,False,True,13.0,0,865,2,False,True,0,0.0,train
22.0,False,False,True,12.2875,1,896,3,True,False,1,,test
6.0,False,False,True,31.275,2,814,3,True,False,4,0.0,train
70.0,False,False,True,71.0,1,746,1,False,True,1,0.0,train
40.0,False,False,True,46.9,6,1031,3,False,True,1,,test
37.0,True,False,False,83.1583,1,1073,1,False,True,1,,test
28.0,False,False,True,7.25,0,426,3,False,True,0,0.0,train
28.0,False,False,True,69.55,2,847,3,False,True,8,0.0,train
0.17,False,False,True,20.575,2,1246,3,True,False,1,,test
27.0,False,False,True,7.8958,0,322,3,False,True,0,0.0,train
35.0,True,False,False,7.8958,0,848,3,False,True,0,0.0,train
20.0,False,False,True,7.8542,0,990,3,True,False,0,,test
18.0,False,True,False,6.75,0,655,3,True,False,0,0.0,train
36.0,True,False,False,31.6792,0,1004,1,True,False,0,,test
17.0,False,False,True,7.125,0,434,3,False,True,0,0.0,train
14.0,True,False,False,11.2417,0,40,3,True,False,1,1.0,train
40.0,True,False,False,27.7208,0,31,1,False,True,0,0.0,train
29.0,False,False,True,10.5,0,243,2,False,True,0,0.0,train
49.0,False,False,True,25.9292,0,797,1,True,False,0,1.0,train
24.0,True,False,False,27.7208,0,907,2,True,False,1,,test
19.0,False,False,True,26.2833,2,137,1,True,False,0,1.0,train
24.0,True,False,False,83.1583,0,311,1,True,False,0,1.0,train
0.33,False,False,True,14.4,2,1093,3,False,True,0,,test
9.0,True,False,False,15.2458,1,853,3,True,False,1,0.0,train
25.0,False,False,True,7.775,0,443,3,False,True,1,0.0,train
28.0,False,False,True,7.8958,0,1157,3,False,True,0,,test
28.0,False,True,False,7.7208,0,1300,3,True,False,0,,test
28.0,False,False,True,23.45,2,784,3,False,True,1,0.0,train
35.0,False,False,True,53.1,0,4,1,True,False,1,1.0,train
14.5,True,False,False,14.4542,0,112,3,True,False,1,0.0,train
19.0,False,False,True,7.65,0,716,3,False,True,0,0.0,train
50.0,False,False,True,26.0,0,1247,1,False,True,0,,test
30.5,False,False,True,8.05,0,815,3,False,True,0,0.0,train
18.0,False,False,True,8.05,0,979,3,True,False,0,,test
39.0,False,True,False,29.125,5,886,3,True,False,0,0.0,train
22.0,False,False,True,7.25,0,377,3,True,False,0,1.0,train
28.0,True,False,False,14.4583,0,579,3,True,False,1,0.0,train
21.0,False,False,True,8.05,0,495,3,False,True,0,0.0,train
43.0,False,False,True,26.25,1,315,2,False,True,1,0.0,train
24.0,False,False,True,10.5,0,1099,2,False,True,0,,test
40.0,True,False,False,134.5,1,320,1,True,False,1,1.0,train
42.0,False,False,True,52.5542,0,622,1,False,True,1,1.0,train
22.0,False,False,True,7.775,0,555,3,True,False,0,1.0,train
28.0,False,True,False,8.4583,0,6,3,False,True,0,0.0,train
28.0,False,False,True,7.8958,0,101,3,True,False,0,0.0,train
18.0,False,False,True,20.2125,1,425,3,False,True,1,0.0,train
28.0,False,False,True,7.7958,0,757,3,False,True,0,0.0,train
36.0,False,False,True,15.55,0,606,3,False,True,1,0.0,train
36.0,True,False,False,40.125,0,584,1,False,True,0,0.0,train
18.0,False,False,True,7.775,0,808,3,True,False,0,0.0,train
28.0,False,False,True,14.4,1,424,3,True,False,1,0.0,train
32.5,True,False,False,211.5,0,967,1,False,True,0,,test
28.0,False,False,True,19.9667,0,452,3,False,True,1,0.0,train
28.0,False,False,True,26.55,0,933,1,False,True,0,,test
49.0,True,False,False,89.1042,0,454,1,False,True,1,1.0,train
20.5,False,False,True,7.25,0,228,3,False,True,0,0.0,train
35.0,False,False,True,90.0,0,487,1,True,False,1,1.0,train
40.0,False,False,True,13.0,0,1081,2,False,True,0,,test
48.0,False,False,True,25.9292,0,863,1,True,False,0,1.0,train
23.0,False,False,True,11.5,1,530,2,False,True,2,0.0,train
29.0,False,False,True,10.5,0,67,2,True,False,0,1.0,train
39.0,False,False,True,24.15,0,812,3,False,True,0,0.0,train
19.0,False,False,True,8.1583,0,68,3,False,True,0,0.0,train
28.0,False,False,True,8.05,0,465,3,False,True,0,0.0,train
35.0,False,False,True,21.0,0,212,2,True,False,0,1.0,train
20.0,False,False,True,8.05,0,13,3,False,True,0,0.0,train
28.0,False,True,False,7.75,0,829,3,False,True,0,1.0,train
45.0,True,False,False,134.5,1,1134,1,False,True,1,,test
50.0,True,False,False,247.5208,1,300,1,True,False,0,1.0,train
33.0,False,False,True,20.525,1,549,3,False,True,1,0.0,train
28.0,False,False,True,7.8958,0,902,3,False,True,0,,test
2.0,False,False,True,20.2125,1,1176,3,True,False,1,,test
28.0,False,False,True,69.55,2,793,3,True,False,8,0.0,train
20.0,False,False,True,9.225,0,683,3,False,True,0,0.0,train
42.0,False,False,True,26.2875,0,708,1,False,True,0,1.0,train
45.0,True,False,False,63.3583,1,1242,1,True,False,0,,test
34.0,False,False,True,13.0,0,723,2,False,True,0,0.0,train
26.0,False,False,True,7.8958,0,629,3,False,True,0,0.0,train
28.0,False,False,True,8.05,0,1111,3,False,True,0,,test
33.0,False,False,True,53.1,0,810,1,True,False,1,1.0,train
39.0,True,False,False,29.7,0,1223,1,False,True,0,,test
28.0,False,True,False,7.75,0,1250,3,False,True,0,,test
20.0,False,False,True,7.925,0,1143,3,False,True,0,,test
45.0,False,False,True,30.0,2,1133,2,True,False,0,,test
37.0,True,False,False,29.7,1,274,1,False,True,0,0.0,train
11.0,False,False,True,31.275,2,543,3,True,False,4,0.0,train
45.0,True,False,False,14.4542,1,363,3,True,False,0,0.0,train
8.0,False,False,True,26.25,2,238,2,True,False,0,1.0,train
55.0,False,False,True,93.5,1,1200,1,False,True,1,,test
41.0,False,False,True,39.6875,5,639,3,True,False,0,0.0,train
26.0,False,False,True,7.925,0,3,3,True,False,0,1.0,train
54.0,False,False,True,51.8625,0,7,1,False,True,0,0.0,train
25.0,True,False,False,55.4417,0,371,1,False,True,1,1.0,train
18.0,True,False,False,262.375,2,312,1,True,False,2,1.0,train
28.0,False,True,False,7.8792,0,1125,3,False,True,0,,test
28.0,False,False,True,56.4958,0,644,3,False,True,0,1.0,train
35.0,False,False,True,7.125,0,591,3,False,True,0,0.0,train
27.0,False,False,True,53.1,0,725,1,False,True,1,1.0,train
30.0,False,False,True,164.8667,0,1292,1,True,False,0,,test
31.0,True,False,False,113.275,0,216,1,True,False,1,1.0,train
25.0,False,False,True,13.0,0,667,2,False,True,0,0.0,train
31.0,False,False,True,13.0,0,674,2,False,True,0,1.0,train
19.0,False,False,True,263.0,2,28,1,False,True,3,0.0,train
32.0,False,True,False,7.75,0,891,3,False,True,0,0.0,train
21.0,False,False,True,11.5,0,1262,2,False,True,1,,test
21.0,False,False,True,13.0,0,1221,2,False,True,0,,test
28.0,False,False,True,7.8958,0,740,3,False,True,0,0.0,train
39.0,True,False,False,13.4167,1,932,3,False,True,0,,test
27.0,False,False,True,7.925,0,910,3,True,False,1,,test
32.0,False,False,True,7.925,0,580,3,False,True,0,1.0,train
28.0,True,False,False,24.0,0,875,2,True,False,1,1.0,train
35.0,False,False,True,26.2875,0,702,1,False,True,0,1.0,train
28.0,True,False,False,7.225,0,355,3,False,True,0,0.0,train
28.0,False,False,True,7.55,0,1147,3,False,True,0,,test
55.0,True,False,False,59.4,0,912,1,False,True,1,,test
28.0,True,False,False,79.2,0,257,1,True,False,0,1.0,train
38.0,False,False,True,31.3875,5,26,3,True,False,1,1.0,train
29.0,False,False,True,66.6,0,337,1,False,True,1,0.0,train
28.0,False,True,False,7.75,0,48,3,True,False,0,1.0,train
21.0,False,False,True,7.65,0,107,3,True,False,0,1.0,train
28.0,False,False,True,69.55,2,1080,3,True,False,8,,test
28.0,False,False,True,35.5,0,56,1,False,True,0,1.0,train
38.0,False,False,True,7.775,2,1106,3,True,False,4,,test
30.0,False,False,True,13.0,0,214,2,False,True,0,0.0,train
21.0,False,False,True,73.5,0,121,2,False,True,2,0.0,train
28.0,True,False,False,15.5792,0,946,2,False,True,0,,test
19.0,False,False,True,7.8958,0,567,3,False,True,0,0.0,train
21.0,False,False,True,73.5,0,73,2,False,True,0,0.0,train
28.0,False,False,True,42.4,0,603,1,False,True,0,0.0,train
28.0,False,False,True,8.05,0,46,3,False,True,0,0.0,train
45.0,True,False,False,29.7,0,938,1,False,True,0,,test
44.0,True,False,False,57.9792,1,524,1,True,False,0,1.0,train
43.0,False,False,True,8.05,0,669,3,False,True,0,0.0,train
0.42,True,False,False,8.5167,1,804,3,False,True,0,1.0,train
28.0,True,False,False,89.1042,0,850,1,True,False,1,1.0,train
38.0,False,False,True,7.05,0,466,3,False,True,0,0.0,train
28.0,False,True,False,7.7333,0,630,3,False,True,0,0.0,train
40.5,False,False,True,15.1,0,1120,3,False,True,0,,test
49.0,True,False,False,56.9292,0,600,1,False,True,1,1.0,train
22.0,True,False,False,7.2292,0,61,3,False,True,0,0.0,train
46.0,False,False,True,61.175,0,93,1,False,True,1,0.0,train
28.0,True,False,False,7.225,0,1166,3,False,True,0,,test
44.0,True,False,False,27.7208,0,195,1,True,False,0,1.0,train
65.0,False,True,False,7.75,0,281,3,False,True,0,0.0,train
28.0,False,True,False,7.8792,0,360,3,True,False,0,1.0,train
32.0,False,False,True,7.8958,0,520,3,False,True,0,0.0,train
28.0,False,False,True,8.1125,0,1091,3,True,False,0,,test
35.0,False,False,True,7.8958,0,948,3,False,True,0,,test
9.0,False,False,True,31.3875,2,183,3,False,True,4,0.0,train
47.0,False,False,True,52.0,0,111,1,False,True,0,0.0,train
30.0,True,False,False,31.0,0,843,1,True,False,0,1.0,train
45.0,False,False,True,13.5,0,707,2,True,False,0,1.0,train
18.0,False,False,True,8.05,0,205,3,False,True,0,1.0,train
28.0,False,False,True,14.5,0,1274,3,True,False,0,,test
35.0,True,False,False,211.5,0,966,1,True,False,0,,test
64.0,False,False,True,26.0,0,546,1,False,True,0,0.0,train
38.5,False,False,True,7.25,0,1307,3,False,True,0,,test
18.0,False,False,True,9.35,1,856,3,True,False,0,1.0,train
17.0,False,False,True,7.0542,0,722,3,False,True,1,0.0,train
39.0,True,False,False,110.8833,1,582,1,True,False,1,1.0,train
1.0,False,False,True,39.0,1,184,2,False,True,2,1.0,train
37.0,False,False,True,53.1,0,138,1,False,True,1,0.0,train
64.0,True,False,False,75.25,0,1128,1,False,True,1,,test
22.0,False,False,True,9.0,0,81,3,False,True,0,0.0,train
10.0,False,True,False,29.125,1,947,3,False,True,4,,test
9.0,False,False,True,31.275,2,542,3,True,False,4,0.0,train
62.0,False,False,True,10.5,0,571,2,False,True,0,1.0,train
9.0,False,False,True,46.9,2,481,3,False,True,5,0.0,train
9.0,False,False,True,20.525,2,166,3,False,True,0,1.0,train
37.0,False,False,True,52.5542,1,249,1,False,True,1,1.0,train
17.0,True,False,False,108.9,0,308,1,True,False,1,1.0,train
45.0,True,False,False,7.225,0,911,3,True,False,0,,test
19.0,False,False,True,14.5,0,576,3,False,True,0,0.0,train
28.0,False,False,True,133.65,0,335,1,True,False,1,1.0,train
23.0,True,False,False,63.3583,1,98,1,False,True,0,1.0,train
23.0,False,False,True,10.5,0,1090,2,False,True,0,,test
21.0,True,False,False,7.225,0,909,3,False,True,0,,test
26.5,True,False,False,7.225,0,1028,3,False,True,0,,test
63.0,False,False,True,221.7792,0,1006,1,True,False,1,,test
19.0,False,False,True,13.0,0,1150,2,True,False,0,,test
30.0,False,False,True,21.0,0,1170,2,False,True,1,,test
24.5,False,False,True,8.05,0,677,3,False,True,0,0.0,train
24.0,False,True,False,7.25,0,1288,3,False,True,0,,test
19.0,False,False,True,0.0,0,303,3,False,True,0,0.0,train
28.0,False,True,False,7.75,0,1075,3,False,True,0,,test
28.0,False,True,False,7.7292,0,389,3,False,True,0,0.0,train
28.0,False,False,True,7.55,0,236,3,True,False,0,0.0,train
30.0,False,False,True,13.0,0,970,2,False,True,0,,test
28.0,False,False,True,33.0,1,849,2,False,True,0,0.0,train
0.92,False,False,True,151.55,2,306,1,False,True,1,1.0,train
29.0,False,False,True,26.0,0,1011,2,True,False,1,,test
27.0,True,False,False,7.225,0,1063,3,False,True,0,,test
54.0,False,False,True,26.0,0,250,2,False,True,1,0.0,train
63.0,False,False,True,26.0,0,905,2,False,True,1,,test
19.0,False,False,True,30.0,0,888,1,True,False,0,1.0,train
16.0,False,False,True,46.9,2,72,3,True,False,5,0.0,train
59.0,False,False,True,7.25,0,95,3,False,True,0,0.0,train
28.0,False,False,True,7.8958,0,651,3,False,True,0,0.0,train
66.0,False,False,True,10.5,0,34,2,False,True,0,0.0,train
22.0,True,False,False,61.9792,1,918,1,True,False,0,,test
5.0,True,False,False,19.2583,1,449,3,True,False,2,1.0,train
4.0,False,False,True,81.8583,2,446,1,False,True,0,1.0,train
28.0,False,False,True,8.05,0,985,3,False,True,0,,test
52.0,False,False,True,13.5,0,696,2,False,True,0,0.0,train
24.0,False,False,True,82.2667,0,1179,1,False,True,1,,test
28.0,False,False,True,8.05,0,78,3,False,True,0,0.0,train
17.0,False,False,True,10.5,0,85,2,True,False,0,1.0,train
28.0,True,False,False,15.0458,0,1193,2,False,True,0,,test
28.0,False,True,False,7.7875,0,83,3,True,False,0,1.0,train
28.0,False,False,True,51.8625,0,458,1,True,False,1,1.0,train
14.0,False,False,True,65.0,0,1122,2,False,True,0,,test
33.0,False,False,True,7.8958,0,882,3,False,True,0,0.0,train
21.0,False,False,True,34.375,2,437,3,True,False,2,0.0,train
36.0,False,False,True,15.9,2,941,3,True,False,0,,test
29.0,False,False,True,221.7792,0,1048,1,True,False,0,,test
20.0,False,False,True,8.6625,0,405,3,True,False,0,0.0,train
0.92,False,False,True,27.75,2,1142,2,True,False,1,,test
6.0,False,False,True,33.0,1,721,2,True,False,0,1.0,train
28.0,False,False,True,9.5,0,869,3,False,True,0,0.0,train
37.0,False,False,True,7.925,0,105,3,False,True,2,0.0,train
40.0,False,False,True,153.4625,0,610,1,True,False,0,1.0,train
53.0,True,False,False,28.5,0,1023,1,False,True,0,,test
28.0,False,True,False,15.5,0,719,3,False,True,0,0.0,train
45.0,False,False,True,83.475,0,63,1,False,True,1,0.0,train
28.0,False,False,True,7.8542,0,282,3,False,True,0,0.0,train
28.0,True,False,False,6.4375,0,1025,3,False,True,1,,test
19.0,False,False,True,10.5,0,239,2,False,True,0,0.0,train
28.0,False,False,True,7.8958,0,224,3,False,True,0,0.0,train
19.0,False,False,True,36.75,1,146,2,False,True,1,0.0,train
48.0,False,False,True,36.75,2,1222,2,True,False,0,,test
22.0,True,False,False,135.6333,0,374,1,False,True,0,0.0,train
24.0,True,False,False,247.5208,1,119,1,False,True,0,0.0,train
21.0,False,False,True,7.8958,0,963,3,False,True,0,,test
28.0,False,False,True,7.25,0,251,3,False,True,0,0.0,train
29.0,True,False,False,13.8583,0,1261,2,False,True,0,,test
14.0,True,False,False,30.0708,0,10,2,True,False,1,1.0,train
52.0,False,False,True,30.5,0,450,1,False,True,0,1.0,train
29.0,True,False,False,15.2458,2,256,3,True,False,0,1.0,train
28.0,False,True,False,7.75,2,594,3,True,False,0,0.0,train
17.0,True,False,False,12.0,0,390,2,True,False,0,1.0,train
36.0,False,False,True,78.85,0,742,1,False,True,1,0.0,train
26.0,True,False,False,136.7792,0,1164,1,True,False,1,,test
28.0,True,False,False,227.525,0,558,1,False,True,0,0.0,train
48.0,False,False,True,26.55,0,461,1,False,True,0,1.0,train
55.0,True,False,False,135.6333,0,1206,1,True,False,0,,test
18.0,False,False,True,11.5,0,145,2,False,True,0,0.0,train
21.0,False,True,False,7.75,0,502,3,True,False,0,0.0,train
19.0,False,False,True,10.5,0,1209,2,False,True,0,,test
22.0,True,False,False,49.5,2,540,1,True,False,0,1.0,train
50.0,True,False,False,28.7125,0,178,1,True,False,0,0.0,train
31.0,True,False,False,134.5,0,1263,1,True,False,0,,test
5.0,False,False,True,31.3875,2,1271,3,False,True,4,,test
24.0,False,False,True,60.0,0,942,1,False,True,1,,test
25.0,True,False,False,7.225,0,694,3,False,True,0,0.0,train
37.0,False,True,False,90.0,0,1303,1,True,False,1,,test
2.0,False,False,True,21.075,1,8,3,False,True,3,0.0,train
11.0,False,False,True,120.0,2,803,1,False,True,1,1.0,train
36.0,True,False,False,75.2417,0,1010,1,False,True,0,,test
38.0,False,False,True,13.0,0,358,2,True,False,0,0.0,train
16.0,True,False,False,57.9792,1,330,1,True,False,0,1.0,train
32.0,False,False,True,56.4958,0,839,3,False,True,0,1.0,train
28.0,False,True,False,7.75,0,994,3,False,True,0,,test
23.0,False,False,True,82.2667,0,904,1,True,False,1,,test
35.0,True,False,False,512.3292,0,259,1,True,False,0,1.0,train
33.0,False,False,True,151.55,0,1033,1,True,False,0,,test
19.0,False,False,True,8.05,0,373,3,False,True,0,0.0,train
30.0,True,False,False,57.75,0,926,1,False,True,1,,test
29.0,False,False,True,9.4833,0,714,3,False,True,0,0.0,train
28.0,False,False,True,26.55,0,1040,1,False,True,0,,test
40.5,False,True,False,7.75,0,526,3,False,True,0,0.0,train
28.0,False,False,True,7.8958,0,975,3,False,True,0,,test
13.0,True,False,False,7.2292,0,781,3,True,False,0,1.0,train
21.0,True,False,False,61.3792,1,915,1,False,True,0,,test
49.0,False,False,True,65.0,2,1245,2,False,True,1,,test
45.0,False,False,True,26.25,1,441,2,True,False,1,1.0,train
28.0,True,False,False,7.2292,0,532,3,False,True,0,0.0,train
21.0,False,False,True,8.05,0,1113,3,False,True,0,,test
19.0,False,False,True,10.5,0,227,2,False,True,0,1.0,train
35.0,False,False,True,10.5,0,813,2,False,True,0,0.0,train
18.0,False,False,True,13.0,0,229,2,False,True,0,0.0,train
21.0,False,False,True,7.775,0,1151,3,False,True,0,,test
22.0,False,False,True,7.25,0,213,3,False,True,0,0.0,train
30.0,False,False,True,12.475,0,80,3,True,False,0,1.0,train
36.5,False,False,True,26.0,2,149,2,False,True,0,0.0,train
26.0,False,False,True,7.8542,0,705,3,False,True,1,0.0,train
31.0,False,False,True,52.0,0,672,1,False,True,1,0.0,train
34.5,True,False,False,6.4375,0,844,3,False,True,0,0.0,train
18.0,True,False,False,227.525,0,701,1,True,False,1,1.0,train
29.0,False,False,True,26.0,0,134,2,True,False,1,1.0,train
30.0,False,False,True,13.0,0,935,2,True,False,0,,test
21.0,False,False,True,7.775,0,409,3,False,True,0,0.0,train
0.75,False,False,True,13.775,1,1173,3,False,True,1,,test
28.0,False,False,True,26.55,0,508,1,False,True,0,1.0,train
28.0,True,False,False,7.2292,0,1184,3,False,True,0,,test
16.0,False,False,True,86.5,0,505,1,True,False,0,1.0,train
15.0,True,False,False,7.225,0,876,3,True,False,0,1.0,train
28.0,False,False,True,16.1,0,348,3,True,False,1,1.0,train
1.0,False,False,True,46.9,2,387,3,False,True,5,0.0,train
22.0,False,False,True,7.25,0,1,3,False,True,1,0.0,train
40.0,False,False,True,27.9,4,361,3,False,True,1,0.0,train
26.0,False,False,True,13.0,0,1238,2,False,True,0,,test
28.0,False,False,True,52.0,0,476,1,False,True,0,0.0,train
21.0,False,False,True,26.55,0,1123,1,True,False,0,,test
42.0,False,False,True,26.55,0,1036,1,False,True,0,,test
50.0,False,False,True,26.0,0,922,2,False,True,1,,test
26.0,False,False,True,29.0,1,899,2,False,True,1,,test
35.0,True,False,False,512.3292,0,738,1,False,True,0,1.0,train
1.0,False,False,True,11.1333,1,173,3,True,False,1,1.0,train
36.0,False,False,True,27.75,2,451,2,False,True,1,0.0,train
12.0,True,False,False,11.2417,0,126,3,False,True,1,1.0,train
33.0,False,False,True,86.5,0,760,1,True,False,0,1.0,train
2.0,False,False,True,26.0,1,531,2,True,False,1,1.0,train
29.0,False,False,True,8.05,0,91,3,False,True,0,0.0,train
54.0,False,False,True,81.8583,1,1266,1,True,False,1,,test
28.0,True,False,False,15.05,0,182,2,False,True,0,0.0,train
17.0,False,False,True,57.0,0,782,1,True,False,1,1.0,train
44.0,False,False,True,7.925,0,415,3,False,True,0,1.0,train
29.0,False,False,True,10.4625,1,252,3,True,False,1,0.0,train
26.0,False,False,True,8.6625,0,70,3,False,True,2,0.0,train
20.0,False,False,True,7.05,0,132,3,False,True,0,0.0,train
28.0,False,True,False,7.75,0,301,3,True,False,0,1.0,train
28.0,True,False,False,30.6958,0,794,1,False,True,0,0.0,train
61.0,False,False,True,6.2375,0,327,3,False,True,0,0.0,train
21.0,False,True,False,7.75,0,1280,3,False,True,0,,test
20.0,False,False,True,23.0,1,944,2,True,False,2,,test
24.0,False,False,True,7.7958,0,500,3,False,True,0,0.0,train
1.0,False,False,True,20.575,2,789,3,False,True,1,1.0,train
28.0,False,True,False,15.5,0,365,3,False,True,1,0.0,train
28.0,True,False,False,14.4583,0,496,3,False,True,0,0.0,train
46.0,True,False,False,79.2,0,1219,1,False,True,0,,test
45.0,False,False,True,8.05,0,339,3,False,True,0,1.0,train
21.0,False,True,False,7.7333,0,422,3,False,True,0,0.0,train
1.0,False,False,True,39.6875,1,165,3,False,True,4,0.0,train
28.0,False,True,False,7.8792,0,29,3,True,False,0,1.0,train
34.0,False,False,True,10.5,0,517,2,True,False,0,1.0,train
3.0,False,False,True,26.0,1,194,2,False,True,1,1.0,train
33.0,False,False,True,9.5,0,753,3,False,True,0,0.0,train
28.0,False,False,True,56.4958,0,931,3,False,True,0,,test
28.0,False,False,True,56.4958,0,170,3,False,True,0,0.0,train
17.0,False,False,True,8.6625,0,845,3,False,True,0,0.0,train
21.0,False,False,True,8.4333,0,653,3,False,True,0,0.0,train
21.0,False,False,True,7.925,0,174,3,False,True,0,0.0,train
36.0,False,False,True,26.0,0,519,2,True,False,1,1.0,train
19.0,True,False,False,15.7417,1,1225,3,True,False,1,,test
22.0,False,False,True,21.0,0,1138,2,True,False,0,,test
21.0,False,False,True,7.25,0,492,3,False,True,0,0.0,train
26.0,True,False,False,14.4542,0,74,3,False,True,1,0.0,train
28.0,True,False,False,25.7417,0,1097,1,False,True,0,,test
60.0,True,False,False,79.2,1,588,1,False,True,1,1.0,train
32.0,False,True,False,15.5,1,658,3,True,False,1,0.0,train
24.0,False,False,True,10.5,0,235,2,False,True,0,0.0,train
28.0,False,False,True,0.0,0,733,2,False,True,0,0.0,train
28.0,False,True,False,7.75,0,215,3,False,True,1,0.0,train
26.0,False,False,True,7.775,0,163,3,False,True,0,0.0,train
47.0,False,False,True,14.5,0,133,3,True,False,1,0.0,train
18.5,True,False,False,7.2292,0,927,3,False,True,0,,test
47.0,False,False,True,9.0,0,874,3,False,True,0,0.0,train
28.0,True,False,False,14.4542,0,1141,3,True,False,1,,test
28.0,False,False,True,50.0,0,186,1,False,True,0,0.0,train
27.0,False,False,True,21.0,0,42,2,True,False,1,0.0,train
28.0,False,False,True,56.4958,0,693,3,False,True,0,1.0,train
38.0,False,False,True,7.8958,0,109,3,False,True,0,0.0,train
27.0,False,False,True,7.8542,0,1210,3,False,True,0,,test
28.0,True,False,False,7.2292,0,569,3,False,True,0,0.0,train
24.0,False,False,True,9.5,0,771,3,False,True,0,0.0,train
22.0,False,False,True,10.5,0,1171,2,False,True,0,,test
22.0,False,False,True,39.6875,0,1259,3,True,False,0,,test
63.0,False,False,True,9.5875,0,484,3,True,False,0,1.0,train
28.0,False,True,False,7.725,0,469,3,False,True,0,0.0,train
8.0,False,False,True,21.075,1,25,3,True,False,3,0.0,train
24.0,False,True,False,7.75,0,971,3,True,False,0,,test
39.0,False,False,True,0.0,0,807,1,False,True,0,0.0,train
28.0,True,False,False,14.4583,0,1258,3,False,True,1,,test
28.0,False,True,False,7.8792,0,1108,3,True,False,0,,test
60.0,True,False,False,75.25,0,367,1,True,False,1,1.0,train
18.0,True,False,False,14.4542,0,1007,3,False,True,1,,test
36.5,False,False,True,17.4,0,1152,3,False,True,1,,test
35.0,False,False,True,52.0,0,384,1,True,False,1,1.0,train
23.0,False,False,True,13.0,0,735,2,False,True,0,0.0,train
27.0,False,False,True,10.5,0,718,2,True,False,0,1.0,train
28.0,False,False,True,8.05,0,455,3,False,True,0,0.0,train
28.0,False,True,False,7.75,0,265,3,True,False,0,0.0,train
47.0,False,False,True,61.175,0,906,1,True,False,1,,test
59.0,False,False,True,13.5,0,233,2,False,True,0,0.0,train
28.0,False,False,True,8.1125,0,445,3,False,True,0,1.0,train
22.0,False,False,True,7.7958,0,396,3,False,True,0,0.0,train
27.0,False,False,True,13.0,0,887,2,False,True,0,0.0,train
28.0,False,False,True,25.4667,1,177,3,False,True,3,0.0,train
31.0,False,False,True,18.0,0,19,3,True,False,1,0.0,train
28.0,False,True,False,7.75,0,1148,3,False,True,0,,test
28.0,True,False,False,29.7,0,840,1,False,True,0,1.0,train
24.0,False,False,True,7.775,0,1278,3,False,True,0,,test
26.0,False,False,True,13.5,0,1054,2,True,False,0,,test
36.0,False,False,True,24.15,1,596,3,False,True,1,0.0,train
38.0,False,False,True,80.0,0,62,1,True,False,0,1.0,train
41.0,False,False,True,19.5,1,273,2,True,False,0,1.0,train
25.0,False,False,True,31.5,0,1230,2,False,True,0,,test
7.0,False,True,False,29.125,1,279,3,False,True,4,0.0,train
1.0,False,False,True,16.7,1,1009,3,True,False,1,,test
60.0,False,False,True,26.55,0,695,1,False,True,0,0.0,train
28.0,False,True,False,7.75,0,369,3,True,False,0,1.0,train
37.0,False,True,False,7.75,0,1205,3,True,False,0,,test
28.0,True,False,False,7.2292,0,37,3,False,True,0,1.0,train
28.5,False,False,True,16.1,0,736,3,False,True,0,0.0,train
31.0,False,False,True,18.0,0,1037,3,False,True,3,,test
47.0,False,False,True,25.5875,0,663,1,False,True,0,0.0,train
51.0,False,False,True,39.4,1,1283,1,True,False,0,,test
24.0,False,False,True,31.5,0,923,2,False,True,2,,test
28.0,True,False,False,13.8625,0,548,2,False,True,0,1.0,train
24.0,False,False,True,7.55,0,1047,3,False,True,0,,test
18.0,False,False,True,7.7958,0,689,3,False,True,0,0.0,train
28.0,False,False,True,7.8958,0,739,3,False,True,0,0.0,train
19.0,False,False,True,13.0,0,192,2,False,True,0,0.0,train
65.0,False,False,True,26.55,0,457,1,False,True,0,0.0,train
23.0,True,False,False,113.275,0,394,1,True,False,1,1.0,train
18.0,False,False,True,7.775,0,676,3,False,True,0,0.0,train
28.0,False,False,True,14.5,0,761,3,False,True,0,0.0,train
48.0,True,False,False,79.2,1,1289,1,True,False,1,,test
25.0,False,False,True,26.0,0,729,2,False,True,1,0.0,train
10.0,False,False,True,24.15,2,420,3,True,False,0,0.0,train
28.0,True,False,False,82.1708,0,376,1,True,False,1,1.0,train
33.0,False,True,False,90.0,0,413,1,True,False,1,1.0,train
32.0,False,False,True,56.4958,0,75,3,False,True,0,1.0,train
27.0,False,False,True,7.8958,0,1226,3,False,True,0,,test
23.0,False,False,True,8.05,0,1030,3,True,False,0,,test
17.0,False,False,True,8.6625,0,501,3,False,True,0,0.0,train
24.0,False,False,True,8.6625,0,1195,3,False,True,0,,test
34.0,False,False,True,14.4,1,617,3,False,True,1,0.0,train
17.0,True,False,False,14.4583,0,115,3,True,False,0,0.0,train
18.0,False,False,True,13.0,2,418,2,True,False,0,1.0,train
28.0,False,False,True,7.8958,0,602,3,False,True,0,0.0,train
35.0,True,False,False,26.55,0,605,1,False,True,0,1.0,train
28.0,False,False,True,8.7125,0,1000,3,False,True,0,,test
24.0,False,False,True,8.05,0,90,3,False,True,0,0.0,train
76.0,False,False,True,78.85,0,988,1,True,False,1,,test
24.0,True,False,False,37.0042,1,1253,2,True,False,1,,test
23.0,False,False,True,7.8958,0,754,3,False,True,0,0.0,train
25.0,False,False,True,151.55,2,499,1,True,False,1,0.0,train
28.0,False,False,True,51.8625,0,1038,1,False,True,0,,test
60.5,False,False,True,,0,1044,3,False,True,0,,test
23.0,True,False,False,83.1583,1,1042,1,True,False,0,,test
58.0,False,False,True,26.55,0,12,1,True,False,0,1.0,train
31.0,False,False,True,7.8542,0,397,3,True,False,0,0.0,train
18.0,True,False,False,7.2292,0,900,3,True,False,0,,test
62.0,False,False,True,26.55,0,556,1,False,True,0,0.0,train
28.0,True,False,False,7.8958,0,43,3,False,True,0,0.0,train
16.0,False,False,True,10.5,0,842,2,False,True,0,0.0,train
45.0,False,False,True,27.9,4,168,3,True,False,1,0.0,train
34.0,False,False,True,32.5,1,417,2,True,False,1,1.0,train
34.0,False,False,True,13.0,0,577,2,True,False,0,1.0,train
18.0,False,False,True,8.3,0,835,3,False,True,0,0.0,train
25.0,False,False,True,7.775,0,268,3,False,True,1,1.0,train
28.0,False,False,True,8.05,0,968,3,False,True,0,,test
28.0,False,False,True,26.0,0,427,2,True,False,1,1.0,train
31.0,False,False,True,57.0,0,691,1,False,True,1,1.0,train
50.0,True,False,False,106.425,0,545,1,False,True,1,0.0,train
30.0,False,False,True,26.0,0,1227,1,False,True,0,,test
28.0,False,False,True,0.0,0,675,2,False,True,0,0.0,train
15.0,False,False,True,211.3375,1,690,1,True,False,0,1.0,train
55.0,False,False,True,50.0,0,1270,1,False,True,0,,test
74.0,False,False,True,7.775,0,852,3,False,True,0,0.0,train
23.0,False,False,True,93.5,0,1282,1,False,True,0,,test
28.0,False,False,True,69.55,2,160,3,False,True,8,0.0,train
28.0,False,False,True,7.775,0,1304,3,True,False,0,,test
30.0,False,False,True,86.5,0,258,1,True,False,0,1.0,train
35.0,False,True,False,7.75,0,1098,3,True,False,0,,test
28.0,False,False,True,7.8958,0,336,3,False,True,0,0.0,train
28.0,True,False,False,7.2292,0,1231,3,False,True,0,,test
55.0,False,False,True,16.0,0,16,2,True,False,0,1.0,train
47.0,False,False,True,34.0208,0,516,1,False,True,0,0.0,train
28.0,False,False,True,69.55,2,325,3,False,True,8,0.0,train
28.0,False,True,False,24.15,0,769,3,False,True,1,0.0,train
27.0,False,False,True,30.5,0,608,1,False,True,0,1.0,train
29.0,False,False,True,26.0,0,1220,2,False,True,1,,test
28.0,False,False,True,263.0,2,945,1,True,False,3,,test
17.0,False,False,True,73.5,0,1104,2,False,True,0,,test
51.0,False,False,True,8.05,0,223,3,False,True,0,0.0,train
36.0,False,False,True,0.0,0,180,3,False,True,0,0.0,train
33.0,False,False,True,20.575,2,924,3,True,False,1,,test
34.0,False,False,True,26.0,0,100,2,False,True,1,0.0,train
21.0,False,False,True,8.6625,0,837,3,False,True,0,0.0,train
18.0,False,False,True,11.5,0,758,2,False,True,0,0.0,train
22.0,False,False,True,7.8958,0,522,3,False,True,0,0.0,train
41.0,False,False,True,7.125,0,762,3,False,True,0,0.0,train
15.0,False,True,False,8.0292,0,23,3,True,False,0,1.0,train
22.0,False,False,True,55.0,1,357,1,True,False,0,1.0,train
23.0,False,False,True,13.0,0,734,2,False,True,0,0.0,train
6.0,True,False,False,134.5,2,1088,1,False,True,0,,test
25.0,True,False,False,7.2292,0,1213,3,False,True,0,,test
28.0,False,False,True,7.05,0,612,3,False,True,0,0.0,train
21.0,False,False,True,7.7958,0,1115,3,False,True,0,,test
2.0,False,False,True,26.0,1,341,2,False,True,1,1.0,train
28.0,False,False,True,16.1,0,432,3,True,False,1,1.0,train
32.0,False,False,True,13.5,0,953,2,False,True,0,,test
42.0,False,False,True,27.0,0,218,2,False,True,1,0.0,train
45.5,True,False,False,7.225,0,204,3,False,True,0,0.0,train
41.0,False,False,True,13.0,0,1056,2,False,True,0,,test
15.0,False,False,True,39.0,2,1067,2,True,False,0,,test
26.0,False,False,True,20.575,2,94,3,False,True,1,0.0,train
25.0,True,False,False,55.4417,0,1256,1,True,False,1,,test
17.0,False,False,True,7.925,2,69,3,True,False,4,1.0,train
27.0,True,False,False,136.7792,0,1144,1,False,True,1,,test
28.0,False,False,True,26.0,0,285,1,False,True,0,0.0,train
44.0,False,False,True,8.05,0,697,3,False,True,0,0.0,train
33.0,False,False,True,15.85,0,86,3,True,False,3,1.0,train
50.0,False,False,True,55.9,0,435,1,False,True,1,0.0,train
36.0,True,False,False,262.375,0,951,1,True,False,0,,test
40.5,False,False,True,14.5,2,154,3,False,True,0,0.0,train
25.0,False,False,True,7.65,0,76,3,False,True,0,0.0,train
42.0,False,False,True,32.5,1,1139,2,False,True,1,,test
28.0,False,False,True,8.05,0,1308,3,False,True,0,,test
46.0,True,False,False,79.2,0,790,1,False,True,0,0.0,train
25.0,False,False,True,30.0,1,581,2,True,False,1,1.0,train
13.0,False,False,True,19.5,1,447,2,True,False,0,1.0,train
25.0,False,True,False,7.7417,0,704,3,False,True,0,0.0,train
40.0,False,True,False,15.5,1,189,3,False,True,1,0.0,train
25.0,False,False,True,0.0,0,272,3,False,True,0,1.0,train
32.0,False,False,True,22.525,0,1102,3,False,True,0,,test
25.0,False,False,True,7.05,0,885,3,False,True,0,0.0,train
44.0,False,False,True,26.0,0,237,2,False,True,1,0.0,train
58.0,True,False,False,29.7,0,488,1,False,True,0,0.0,train
49.0,False,False,True,0.0,0,1264,1,False,True,0,,test
36.0,False,False,True,17.4,0,560,3,True,False,1,1.0,train
29.0,False,False,True,21.0,0,118,2,False,True,1,0.0,train
31.0,False,False,True,26.25,1,638,2,False,True,1,0.0,train
28.0,False,False,True,7.25,0,1178,3,False,True,0,,test
31.0,False,False,True,26.25,1,802,2,True,False,1,1.0,train
4.0,False,False,True,23.0,1,751,2,True,False,1,1.0,train
36.0,False,False,True,26.2875,0,513,1,False,True,0,1.0,train
28.0,False,False,True,0.0,0,634,1,False,True,0,0.0,train
28.0,False,True,False,7.75,0,939,3,False,True,0,,test
30.0,True,False,False,13.8583,0,1112,2,True,False,1,,test
35.0,False,True,False,12.35,0,908,2,False,True,0,,test
28.0,False,False,True,7.8792,0,1249,3,False,True,0,,test
28.0,False,True,False,7.75,0,127,3,False,True,0,0.0,train
28.0,False,True,False,7.75,0,791,3,False,True,0,0.0,train
62.0,False,False,True,80.0,0,830,1,True,False,0,1.0,train
70.5,False,True,False,7.75,0,117,3,False,True,0,0.0,train
23.0,True,False,False,13.7917,0,474,2,True,False,0,1.0,train
28.0,False,False,True,30.0,0,741,1,False,True,0,1.0,train
42.0,False,False,True,42.5,0,1107,1,False,True,0,,test
28.5,True,False,False,7.2292,0,58,3,False,True,0,0.0,train
44.0,False,False,True,8.05,0,604,3,False,True,0,0.0,train
18.0,False,False,True,7.4958,0,787,3,True,False,0,1.0,train
15.0,True,False,False,14.4542,0,831,3,True,False,1,1.0,train
2.0,False,False,True,31.275,2,120,3,True,False,4,0.0,train
28.0,False,False,True,7.8958,0,657,3,False,True,0,0.0,train
7.0,True,False,False,15.2458,1,1053,3,False,True,1,,test
28.0,False,False,True,52.0,0,670,1,True,False,1,1.0,train
28.0,False,False,True,7.8958,0,106,3,False,True,0,0.0,train
28.0,False,False,True,13.0,0,636,2,True,False,0,1.0,train
24.0,True,False,False,69.3,0,370,1,True,False,0,1.0,train
58.0,False,False,True,153.4625,1,269,1,True,False,0,1.0,train
24.0,False,False,True,73.5,0,656,2,False,True,2,0.0,train
10.0,False,False,True,27.9,2,820,3,False,True,3,0.0,train
45.0,False,False,True,52.5542,0,936,1,True,False,1,,test
38.0,False,False,True,0.0,0,823,1,False,True,0,0.0,train
20.0,False,False,True,26.0,0,1167,2,True,False,1,,test
28.0,False,True,False,15.5,0,47,3,False,True,1,0.0,train
42.0,False,False,True,8.6625,0,350,3,False,True,0,0.0,train
39.0,True,False,False,108.9,0,1306,1,True,False,0,,test
20.0,False,False,True,9.8458,0,877,3,False,True,0,0.0,train
28.0,True,False,False,7.225,0,774,3,False,True,0,0.0,train
58.0,True,False,False,146.5208,0,196,1,True,False,0,1.0,train
21.0,False,False,True,77.2875,1,103,1,False,True,0,0.0,train
35.0,False,False,True,8.05,0,5,3,False,True,0,0.0,train
26.0,False,False,True,10.5,0,620,2,False,True,0,0.0,train
53.0,False,False,True,51.4792,0,572,1,True,False,2,1.0,train
49.0,True,False,False,76.7292,0,53,1,True,False,1,1.0,train
40.0,False,False,True,0.0,0,264,1,False,True,0,0.0,train
43.0,False,False,True,21.0,1,1194,2,False,True,0,,test
28.0,False,False,True,13.0,0,444,2,True,False,0,1.0,train
28.0,False,True,False,15.5,0,1092,3,True,False,0,,test
29.0,False,False,True,30.0,0,783,1,False,True,0,0.0,train
28.0,False,False,True,8.05,0,838,3,False,True,0,0.0,train
28.0,False,True,False,7.75,0,1016,3,False,True,0,,test
4.0,True,False,False,13.4167,1,692,3,True,False,0,1.0,train
28.0,False,False,True,8.05,0,305,3,False,True,0,0.0,train
24.0,False,False,True,263.0,2,342,1,True,False,3,1.0,train
10.0,False,False,True,46.9,2,1032,3,True,False,5,,test
28.0,False,False,True,7.8958,0,314,3,False,True,0,0.0,train
42.0,False,False,True,13.0,0,150,2,False,True,0,0.0,train
54.0,False,False,True,77.2875,1,125,1,False,True,0,0.0,train
23.0,False,False,True,7.05,0,1217,3,False,True,0,,test
16.0,False,False,True,8.05,0,575,3,False,True,0,0.0,train
28.0,False,True,False,7.7333,0,698,3,True,False,0,1.0,train
20.0,False,False,True,7.925,0,665,3,False,True,1,1.0,train
7.0,False,False,True,39.6875,1,51,3,False,True,4,0.0,train
32.0,False,False,True,7.775,0,1192,3,False,True,0,,test
47.0,False,False,True,42.4,0,959,1,False,True,0,,test
30.0,False,False,True,21.0,0,727,2,True,False,3,1.0,train
30.0,False,False,True,24.15,1,800,3,True,False,1,0.0,train
23.0,False,False,True,7.8542,0,834,3,False,True,0,0.0,train
25.0,False,False,True,17.8,0,354,3,False,True,1,0.0,train
28.0,False,False,True,69.55,9,1257,3,True,False,1,,test
24.0,False,False,True,15.85,0,143,3,True,False,1,1.0,train
28.0,False,False,True,7.25,0,471,3,False,True,0,0.0,train
22.0,False,False,True,10.5167,0,883,3,True,False,0,0.0,train
6.0,True,False,False,15.2458,1,972,3,False,True,1,,test
28.0,False,True,False,7.8292,0,654,3,True,False,0,1.0,train
28.0,False,False,True,12.65,0,400,2,True,False,0,1.0,train
28.0,False,False,True,8.05,0,512,3,False,True,0,0.0,train
31.0,False,False,True,21.0,0,1254,2,True,False,0,,test
22.0,False,False,True,7.25,0,321,3,False,True,0,0.0,train
28.0,True,False,False,7.225,0,20,3,True,False,0,1.0,train
60.0,False,False,True,39.0,1,685,2,False,True,1,0.0,train
42.0,False,False,True,52.0,0,36,1,False,True,1,0.0,train
2.0,False,False,True,39.6875,1,825,3,False,True,4,0.0,train
46.0,False,False,True,26.0,0,903,1,False,True,0,,test
18.0,True,False,False,108.9,0,506,1,False,True,1,0.0,train
1.0,True,False,False,37.0042,2,828,2,False,True,0,1.0,train
23.0,False,False,True,8.6625,0,1172,3,True,False,0,,test
3.0,False,False,True,18.75,1,408,2,False,True,1,1.0,train
28.0,True,False,False,21.6792,0,921,3,False,True,2,,test
31.0,True,False,False,37.0042,1,818,2,False,True,1,0.0,train
27.0,True,False,False,13.8583,0,867,2,True,False,1,1.0,train
30.0,True,False,False,106.425,0,538,1,True,False,0,1.0,train
34.0,False,False,True,8.05,0,759,3,False,True,0,0.0,train
40.0,False,False,True,26.0,0,1169,2,False,True,1,,test
23.0,False,False,True,7.8542,0,1049,3,True,False,0,,test
18.0,False,False,True,18.0,0,39,3,True,False,2,0.0,train
18.0,False,False,True,7.8542,1,176,3,False,True,1,0.0,train
44.0,False,True,False,90.0,0,246,1,False,True,2,0.0,train
26.0,False,False,True,7.8875,0,811,3,False,True,0,0.0,train
36.0,False,False,True,9.5,0,1186,3,False,True,0,,test
53.0,True,False,False,27.4458,0,1116,1,True,False,0,,test
18.0,False,False,True,7.775,0,1089,3,True,False,0,,test
25.0,False,False,True,7.05,0,785,3,False,True,0,0.0,train
9.0,False,False,True,15.9,1,490,3,False,True,1,1.0,train
28.0,False,False,True,7.3125,0,155,3,False,True,0,0.0,train
24.0,False,True,False,7.75,0,962,3,True,False,0,,test
16.0,False,False,True,39.4,1,854,1,True,False,0,1.0,train
61.0,False,False,True,32.3208,0,626,1,False,True,0,0.0,train
25.0,True,False,False,41.5792,2,686,2,False,True,1,0.0,train
32.0,False,False,True,7.8542,0,570,3,False,True,0,1.0,train
59.0,False,False,True,51.4792,0,1248,1,True,False,2,,test
28.0,False,False,True,13.0,0,18,2,False,True,0,1.0,train
24.0,False,False,True,7.1417,0,128,3,False,True,0,1.0,train
28.0,False,False,True,8.05,0,928,3,True,False,0,,test
2.0,False,False,True,23.0,1,981,2,False,True,1,,test
47.0,False,False,True,10.5,0,1285,2,False,True,0,,test
32.0,False,False,True,13.0,0,191,2,True,False,0,1.0,train
27.0,False,False,True,26.0,0,993,2,False,True,1,,test
57.0,False,False,True,13.0,0,1279,2,False,True,0,,test
30.0,False,False,True,7.8958,0,607,3,False,True,0,0.0,train
28.0,False,False,True,69.55,2,181,3,True,False,8,0.0,train
28.0,False,True,False,23.25,0,302,3,False,True,2,1.0,train
54.0,True,False,False,78.2667,0,497,1,True,False,1,1.0,train
55.0,True,False,False,27.7208,0,1132,1,True,False,0,,test
8.0,False,False,True,32.5,2,1086,2,False,True,0,,test
28.0,False,True,False,24.15,0,518,3,False,True,0,0.0,train
34.0,False,False,True,21.0,0,477,2,False,True,1,0.0,train
30.0,False,False,True,8.05,0,158,3,False,True,0,0.0,train
2.0,False,True,False,29.125,1,17,3,False,True,4,0.0,train
19.0,False,False,True,26.0,0,547,2,True,False,1,1.0,train
23.0,False,False,True,13.0,0,659,2,False,True,0,0.0,train
27.0,True,False,False,247.5208,1,1076,1,True,False,1,,test
42.0,False,False,True,13.0,0,1020,2,False,True,0,,test
33.0,True,False,False,27.7208,0,1100,1,True,False,0,,test
31.0,True,False,False,28.5375,0,960,1,False,True,0,,test
32.0,False,False,True,7.5792,0,1233,3,False,True,0,,test
19.0,False,False,True,8.05,0,284,3,False,True,0,1.0,train
31.0,False,False,True,8.6833,0,798,3,True,False,0,1.0,train
22.0,False,False,True,9.35,0,226,3,False,True,0,0.0,train
28.0,True,False,False,7.225,0,27,3,False,True,0,0.0,train
24.0,False,False,True,18.75,3,438,2,True,False,2,1.0,train
26.0,False,True,False,7.8792,0,1273,3,False,True,0,,test
28.0,False,False,True,25.4667,1,230,3,True,False,3,0.0,train
21.0,False,False,True,8.05,0,38,3,False,True,0,0.0,train
31.0,False,True,False,7.75,0,750,3,False,True,0,0.0,train
13.0,False,False,True,31.3875,2,1046,3,False,True,4,,test
0.75,True,False,False,19.2583,1,470,3,True,False,2,1.0,train
36.0,False,False,True,13.0,0,1121,2,False,True,0,,test
18.0,False,False,True,60.0,0,1287,1,True,False,1,,test
19.0,False,False,True,10.1708,0,688,3,False,True,0,0.0,train
22.0,True,False,False,7.225,0,1203,3,False,True,0,,test
28.0,False,False,True,16.1,0,640,3,False,True,1,0.0,train
28.0,False,False,True,7.8875,0,1135,3,False,True,0,,test
28.0,False,False,True,8.05,0,1305,3,False,True,0,,test
28.0,True,False,False,21.6792,0,1189,3,False,True,2,,test
34.0,False,False,True,13.0,0,801,2,False,True,0,0.0,train
44.0,False,False,True,16.1,1,161,3,False,True,0,0.0,train
28.0,False,False,True,21.0,0,957,2,True,False,0,,test
27.0,False,False,True,8.6625,0,822,3,False,True,0,1.0,train
22.0,False,False,True,10.5,0,1114,2,True,False,0,,test
19.0,False,False,True,7.8958,0,878,3,False,True,0,0.0,train
28.0,False,False,True,31.6833,0,914,1,True,False,0,,test
55.5,False,False,True,8.05,0,153,3,False,True,0,0.0,train
30.0,False,False,True,151.55,2,1198,1,False,True,1,,test
26.0,False,False,True,56.4958,0,510,3,False,True,0,1.0,train
25.0,False,False,True,7.8958,0,1101,3,False,True,0,,test
33.0,False,False,True,8.6542,0,104,3,False,True,0,0.0,train
47.0,False,False,True,15.0,0,587,2,False,True,0,0.0,train
17.0,False,False,True,8.6625,0,1161,3,False,True,0,,test
29.0,False,False,True,26.0,0,54,2,True,False,1,1.0,train
22.0,False,False,True,66.6,0,152,1,True,False,1,1.0,train
28.0,False,False,True,15.85,0,404,3,False,True,1,0.0,train
26.0,True,False,False,18.7875,0,208,3,False,True,0,1.0,train
3.0,False,False,True,13.775,1,1301,3,True,False,1,,test
27.0,False,False,True,11.1333,2,9,3,True,False,0,1.0,train
28.0,False,False,True,7.25,0,1015,3,False,True,0,,test
22.0,False,False,True,8.9625,0,1061,3,True,False,0,,test
30.0,True,False,False,27.75,0,453,1,False,True,0,0.0,train
30.0,False,False,True,16.1,0,254,3,False,True,1,0.0,train
14.0,False,False,True,9.225,0,897,3,False,True,0,,test
32.5,False,False,True,9.5,0,1146,3,False,True,0,,test
25.0,False,False,True,26.0,1,881,2,True,False,0,1.0,train
16.0,False,False,True,7.65,0,1237,3,True,False,0,,test
21.0,False,False,True,7.8542,0,624,3,False,True,0,0.0,train
24.0,False,False,True,13.0,0,346,2,True,False,0,1.0,train
28.0,True,False,False,22.3583,1,1309,3,False,True,1,,test
52.0,False,False,True,79.65,1,263,1,False,True,1,0.0,train
51.0,False,False,True,12.525,0,151,2,False,True,0,0.0,train
33.0,False,False,True,27.75,2,473,2,True,False,1,1.0,train
20.0,False,False,True,7.8542,0,641,3,False,True,0,0.0,train
20.0,True,False,False,13.8625,0,1297,2,False,True,0,,test
28.0,False,False,True,69.55,9,1234,3,False,True,1,,test
17.0,True,False,False,110.8833,2,551,1,False,True,0,1.0,train
21.0,False,False,True,8.6625,0,929,3,True,False,0,,test
30.0,False,False,True,8.05,0,489,3,False,True,0,0.0,train
28.0,False,False,True,39.6,0,1182,1,False,True,0,,test
27.0,False,False,True,7.7958,0,147,3,False,True,0,1.0,train
21.0,False,False,True,9.825,0,403,3,True,False,1,0.0,train
22.0,False,True,False,7.725,0,955,3,True,False,0,,test
39.0,True,False,False,7.2292,2,1229,3,False,True,0,,test
58.0,True,False,False,113.275,2,660,1,False,True,0,0.0,train
48.0,False,False,True,13.0,0,464,2,False,True,0,0.0,train
28.0,False,True,False,15.5,0,187,3,True,False,1,1.0,train
22.0,True,False,False,41.5792,2,609,2,True,False,1,1.0,train
19.0,False,True,False,6.75,0,144,3,False,True,0,0.0,train
6.0,False,False,True,12.475,1,752,3,False,True,0,1.0,train
22.0,False,False,True,13.9,0,982,3,True,False,1,,test
42.0,False,False,True,8.4042,1,198,3,False,True,0,0.0,train
28.0,False,False,True,10.5,0,884,2,False,True,0,0.0,train
35.0,False,False,True,20.25,1,280,3,True,False,1,1.0,train
24.0,False,False,True,8.85,0,294,3,True,False,0,0.0,train
30.0,False,False,True,45.5,0,1190,1,False,True,0,,test
39.0,False,False,True,7.925,0,401,3,False,True,0,1.0,train
32.5,True,False,False,30.0708,0,123,2,False,True,1,0.0,train
34.0,False,False,True,6.4958,0,203,3,False,True,0,0.0,train
39.0,True,False,False,83.1583,1,836,1,True,False,1,1.0,train
25.0,False,False,True,7.775,0,247,3,True,False,0,0.0,train
18.0,False,False,True,73.5,0,1244,2,False,True,0,,test
18.0,False,False,True,10.5,0,1232,2,False,True,0,,test
28.0,False,False,True,7.8958,0,385,3,False,True,0,0.0,train
44.0,False,False,True,26.0,0,855,2,True,False,1,0.0,train
30.0,False,False,True,10.5,0,220,2,False,True,0,0.0,train
24.0,True,False,False,69.3,0,642,1,True,False,0,1.0,train
38.0,True,False,False,71.2833,0,2,1,True,False,1,1.0,train
22.0,False,False,True,8.05,0,113,3,False,True,0,0.0,train
49.0,True,False,False,110.8833,1,699,1,False,True,1,0.0,train
30.0,False,False,True,15.55,0,1251,3,True,False,1,,test
17.0,False,False,True,7.8958,0,952,3,False,True,0,,test
29.0,False,False,True,23.0,2,1154,2,True,False,0,,test
28.0,True,False,False,7.2292,0,1180,3,False,True,0,,test
20.0,False,False,True,9.5,0,442,3,False,True,0,0.0,train
41.0,False,False,True,51.8625,0,1137,1,False,True,1,,test
36.0,False,False,True,7.4958,0,664,3,False,True,0,0.0,train
64.0,False,False,True,26.55,1,1197,1,True,False,1,,test
54.0,False,False,True,14.0,0,318,2,False,True,0,0.0,train
28.0,False,False,True,7.55,0,649,3,False,True,0,0.0,train
28.0,True,False,False,15.2458,1,710,3,False,True,1,1.0,train
67.0,False,False,True,221.7792,0,973,1,False,True,1,,test
21.0,False,False,True,77.9583,0,628,1,True,False,0,1.0,train
32.0,True,False,False,30.5,0,633,1,False,True,0,1.0,train
24.0,False,False,True,65.0,2,1277,2,True,False,1,,test
57.0,True,False,False,146.5208,0,1208,1,False,True,1,,test
39.0,False,False,True,13.0,0,796,2,False,True,0,0.0,train
48.0,True,False,False,76.7292,0,646,1,False,True,1,1.0,train
28.0,False,True,False,7.75,0,1013,3,False,True,1,,test
48.0,True,False,False,39.6,0,557,1,True,False,1,1.0,train
27.0,True,False,False,76.7292,0,682,1,False,True,0,1.0,train
39.0,False,False,True,55.9,0,578,1,True,False,1,1.0,train
50.0,True,False,False,211.5,1,1110,1,True,False,1,,test
28.0,True,False,False,7.2292,0,525,3,False,True,0,0.0,train
28.0,True,False,False,27.7208,0,1060,1,True,False,0,,test
36.0,False,False,True,71.0,2,541,1,True,False,0,1.0,train
19.0,False,False,True,53.1,0,749,1,False,True,1,0.0,train
22.0,False,False,True,31.5,0,1211,2,False,True,2,,test
25.0,True,False,False,91.0792,0,485,1,False,True,1,1.0,train
28.0,False,False,True,8.05,0,96,3,False,True,0,0.0,train
24.0,False,False,True,8.05,0,1021,3,False,True,0,,test
28.0,False,False,True,8.05,0,564,3,False,True,0,0.0,train
21.0,True,False,False,262.375,2,743,1,True,False,2,1.0,train
28.0,False,False,True,69.55,2,864,3,True,False,8,0.0,train
34.5,False,True,False,7.8292,0,892,3,False,True,0,,test
22.0,False,False,True,8.05,0,1039,3,False,True,0,,test
32.0,False,False,True,15.85,0,207,3,False,True,1,0.0,train
28.0,False,False,True,7.925,0,393,3,False,True,2,0.0,train
25.0,False,False,True,7.8958,0,795,3,False,True,0,0.0,train
26.0,False,False,True,7.8958,0,871,3,False,True,0,0.0,train
46.0,False,False,True,26.0,0,398,2,False,True,0,0.0,train
28.0,True,False,False,39.6,0,767,1,False,True,0,0.0,train
45.0,False,False,True,14.1083,0,1201,3,True,False,1,,test
26.0,False,False,True,13.0,0,1029,2,False,True,0,,test
2.0,False,False,True,27.9,2,643,3,True,False,3,0.0,train
28.0,False,True,False,15.5,0,613,3,True,False,1,1.0,train
60.0,False,False,True,263.0,4,961,1,True,False,1,,test
20.0,False,False,True,8.6625,0,726,3,False,True,0,0.0,train
14.0,False,False,True,46.9,2,684,3,False,True,5,0.0,train
34.0,False,False,True,23.0,1,99,2,True,False,0,1.0,train
27.0,False,False,True,6.975,0,805,3,False,True,0,1.0,train
51.0,False,False,True,7.75,0,407,3,False,True,0,0.0,train
28.0,False,True,False,7.6292,0,503,3,True,False,0,0.0,train
30.0,False,False,True,13.0,0,1072,2,False,True,0,,test
26.0,False,False,True,22.025,1,1057,3,True,False,1,,test
25.0,False,False,True,9.5,0,930,3,False,True,0,,test
43.0,False,False,True,211.3375,1,780,1,True,False,0,1.0,train
28.0,False,False,True,9.5,0,201,3,False,True,0,0.0,train
25.0,False,False,True,13.0,0,135,2,False,True,0,0.0,train
28.0,False,True,False,7.7333,0,1052,3,True,False,0,,test
40.0,False,False,True,9.475,0,41,3,True,False,1,0.0,train
22.0,False,False,True,7.7958,0,1018,3,False,True,0,,test
35.0,False,False,True,83.475,0,231,1,True,False,1,1.0,train
20.0,True,False,False,4.0125,0,379,3,False,True,0,0.0,train
42.0,False,False,True,13.0,0,289,2,False,True,0,1.0,train
30.0,False,False,True,13.0,0,419,2,False,True,0,0.0,train
21.0,False,False,True,7.7958,0,392,3,False,True,0,1.0,train
47.0,False,False,True,7.25,0,593,3,False,True,0,0.0,train
28.0,False,True,False,7.75,0,1163,3,False,True,0,,test
33.0,False,False,True,7.8542,0,1087,3,False,True,0,,test
56.0,True,False,False,35.5,0,648,1,False,True,0,1.0,train
21.0,False,False,True,7.8542,0,1153,3,False,True,0,,test
30.0,False,False,True,93.5,0,521,1,True,False,0,1.0,train
28.0,True,False,False,27.7208,0,65,1,False,True,0,0.0,train
14.0,False,False,True,7.8542,0,15,3,True,False,0,0.0,train
28.0,False,False,True,8.05,0,1181,3,False,True,0,,test
28.0,True,False,False,7.2292,0,1065,3,False,True,0,,test
55.0,False,False,True,30.5,0,493,1,False,True,0,0.0,train
19.0,False,False,True,7.775,0,380,3,False,True,0,0.0,train
45.0,False,False,True,26.55,0,188,1,False,True,0,1.0,train
36.0,False,False,True,120.0,2,764,1,True,False,1,1.0,train
27.0,False,False,True,7.925,0,217,3,True,False,0,1.0,train
16.0,False,False,True,26.0,0,792,2,False,True,0,0.0,train
40.0,False,False,True,16.0,0,1077,2,False,True,0,,test
28.0,False,False,True,7.8958,0,879,3,False,True,0,0.0,train
41.0,True,False,False,134.5,0,338,1,True,False,0,1.0,train
33.0,False,False,True,7.775,0,720,3,False,True,0,0.0,train
28.0,True,False,False,27.7208,0,296,1,False,True,0,0.0,train
17.0,False,False,True,16.1,1,1017,3,True,False,0,,test
29.0,True,False,False,7.8958,0,456,3,False,True,0,1.0,train
28.0,False,False,True,0.0,0,816,1,False,True,0,0.0,train
35.0,False,False,True,135.6333,0,270,1,True,False,0,1.0,train
16.0,True,False,False,8.5167,1,996,3,True,False,1,,test
28.0,False,False,True,69.55,2,202,3,False,True,8,0.0,train
40.0,False,False,True,15.75,0,162,2,True,False,0,1.0,train
25.0,False,False,True,7.925,0,730,3,True,False,1,0.0,train
26.0,False,False,True,8.05,0,402,3,False,True,0,0.0,train
18.0,True,False,False,14.4542,1,703,3,True,False,0,0.0,train
18.0,False,False,True,13.0,1,1130,2,True,False,1,,test
24.0,False,False,True,24.15,0,566,3,False,True,2,0.0,train
32.0,False,False,True,8.05,0,1022,3,False,True,0,,test
43.0,False,False,True,7.8958,0,1026,3,False,True,0,,test
60.0,False,False,True,26.0,0,1105,2,True,False,1,,test
2.0,False,False,True,10.4625,1,206,3,True,False,0,0.0,train
28.0,True,False,False,82.1708,0,35,1,False,True,1,0.0,train
18.0,False,False,True,7.75,0,776,3,False,True,0,0.0,train
28.0,False,False,True,22.525,0,509,3,False,True,0,0.0,train
22.0,False,False,True,7.775,0,1290,3,False,True,0,,test
20.0,False,False,True,7.8542,0,92,3,False,True,0,0.0,train
30.0,False,True,False,7.6292,0,898,3,True,False,0,,test
28.0,False,False,True,8.05,0,565,3,True,False,0,0.0,train
28.0,False,True,False,7.75,0,777,3,False,True,0,0.0,train
28.0,False,True,False,15.5,0,242,3,True,False,1,1.0,train
39.0,False,False,True,31.275,5,14,3,False,True,1,0.0,train
26.0,False,False,True,7.8542,0,316,3,True,False,0,1.0,train
24.0,False,False,True,27.0,1,601,2,True,False,2,1.0,train
36.0,False,False,True,13.0,0,388,2,True,False,0,1.0,train
28.0,False,False,True,55.0,1,167,1,True,False,0,1.0,train
20.0,False,False,True,7.925,0,841,3,False,True,0,0.0,train
35.0,False,False,True,26.0,0,21,2,False,True,0,0.0,train
19.0,False,False,True,7.8958,0,647,3,False,True,0,0.0,train
1.0,False,False,True,12.1833,1,1155,3,True,False,1,,test
0.83,False,False,True,18.75,1,832,2,False,True,1,1.0,train
22.0,False,False,True,8.6625,0,1268,3,True,False,2,,test
28.0,False,False,True,13.5,0,563,2,False,True,0,0.0,train
28.0,False,False,True,12.875,0,1276,2,False,True,0,,test
14.0,False,False,True,39.6875,1,687,3,False,True,4,0.0,train
18.0,False,True,False,7.8792,0,958,3,True,False,0,,test
36.0,False,False,True,7.8958,0,190,3,False,True,0,0.0,train
28.0,False,True,False,10.7083,0,976,2,False,True,0,,test
42.0,False,False,True,7.65,0,700,3,False,True,0,0.0,train
29.0,False,True,False,7.75,0,511,3,False,True,0,1.0,train
28.0,False,False,True,26.0,0,1083,1,False,True,0,,test
22.0,False,False,True,9.8375,0,475,3,True,False,0,0.0,train
45.0,False,False,True,164.8667,1,857,1,True,False,1,1.0,train
30.0,False,False,True,13.0,0,748,2,True,False,0,1.0,train
62.0,False,False,True,26.55,0,253,1,False,True,0,0.0,train
34.0,False,False,True,13.0,0,22,2,False,True,0,1.0,train
28.0,False,True,False,7.75,0,460,3,False,True,0,0.0,train
53.0,False,False,True,81.8583,1,1185,1,False,True,1,,test
45.0,False,False,True,7.75,0,277,3,True,False,0,0.0,train
13.0,True,False,False,262.375,2,956,1,False,True,2,,test
39.0,False,False,True,211.3375,0,1216,1,True,False,0,,test
18.0,False,False,True,73.5,0,386,2,False,True,0,0.0,train
31.0,False,False,True,7.775,0,806,3,False,True,0,0.0,train
25.0,False,False,True,13.0,0,344,2,False,True,0,0.0,train
32.0,False,False,True,8.3625,0,770,3,False,True,0,0.0,train
33.0,True,False,False,7.8958,0,131,3,False,True,0,0.0,train
47.0,False,False,True,52.5542,1,872,1,True,False,1,1.0,train
21.0,False,False,True,6.4958,0,1124,3,False,True,1,,test
28.0,False,False,True,8.05,0,88,3,False,True,0,0.0,train
28.0,False,True,False,23.25,0,331,3,True,False,2,1.0,train
38.0,True,False,False,7.2292,0,1239,3,True,False,0,,test
28.0,False,False,True,0.0,0,467,2,False,True,0,0.0,train
28.0,False,False,True,8.05,0,122,3,False,True,0,0.0,train
36.0,False,False,True,12.1833,2,1045,3,True,False,0,,test
25.0,False,False,True,10.5,0,1096,2,False,True,0,,test
48.0,True,False,False,106.425,0,1131,1,True,False,1,,test
17.0,False,False,True,47.1,0,1295,1,False,True,0,,test
41.0,False,False,True,14.1083,0,861,3,False,True,2,0.0,train
20.0,False,False,True,7.8542,0,1127,3,False,True,0,,test
